,id
0,1289342385965629440
1,1289341965406842880
2,1289338862175584256
3,1289336296591126528
4,1289330326100013056
5,1289326228449587200
6,1289326102549164037
7,1289320450443677697
8,1289303178513653760
9,1289297378923618304
10,1289294216749895683
11,1289294204313538560
12,1289293673298104320
13,1289289361352200193
14,1289279354778742784
15,1289274999992274944
16,1289274641211486209
17,1289272319702003712
18,1289264360452288512
19,1289263736125939712
20,1289263615183163392
21,1289263609936089088
22,1289263378796441600
23,1289263337784487938
24,1289262940701392896
25,1289262923412434945
26,1289257712639864832
27,1289254449806901249
28,1289253919995158534
29,1289243709540712450
30,1289236094509228032
31,1289229820551761920
32,1289221873905987586
33,1289214409248661505
34,1289210750343376902
35,1289200734580273152
36,1289200711687761924
37,1289200687562149888
38,1289189765372211201
39,1289088840066453511
40,1289082839380762624
41,1289082829687730179
42,1289078904158707713
43,1289077003954597888
44,1289073548070248448
45,1289068620677431298
46,1289040640513204225
47,1288986386389925891
48,1288981509676756992
49,1288975167939661825
50,1288972516770238465
51,1288958465663209472
52,1288957875298197505
53,1288957534511017990
54,1288954777544658956
55,1288936710823444480
56,1288935167864832000
57,1288911476565082113
58,1288908459455340544
59,1288896398805487616
60,1288893980512583683
61,1288890834453008384
62,1288870544553783296
63,1288864399957032961
64,1288862751218073601
65,1288859447297630208
66,1288854760150499334
67,1288834924330594304
68,1288828708745170944
69,1288806598488592385
70,1288804979671613440
71,1288804563341004801
72,1288792670555578368
73,1288775625990381573
74,1288772667680739330
75,1288760483164459008
76,1288750111204544513
77,1288705321095983104
78,1288688629393498113
79,1288678719222095874
80,1288678684019359750
81,1288678249006997504
82,1288678033352728578
83,1288678015023677440
84,1288665540005900288
85,1288665192042303488
86,1288653809879785473
87,1288650773790969860
88,1288649994682212355
89,1288648096642203650
90,1288648028367335425
91,1288646685896454144
92,1288646172970758144
93,1288644232518012928
94,1288641653977292800
95,1288640002335932416
96,1288639118814187523
97,1288639114804375559
98,1288638958109429762
99,1288638462946680834
100,1288636653381267456
101,1288623012519063552
102,1288608550974107648
103,1288587925677133825
104,1288583043574185984
105,1288581986974482432
106,1288578097592377346
107,1288568959520985089
108,1288564813283700736
109,1288541796402896897
110,1288538555585830912
111,1288505432999366662
112,1288503406257111042
113,1288503152245866496
114,1288497056374382592
115,1288488694907887616
116,1288470083979878401
117,1288469498174078978
118,1288462556181549059
119,1288453861439672331
120,1288434852354592769
121,1288434554764775425
122,1288431208037257216
123,1288422542575841281
124,1288413318500294656
125,1288408811514949637
126,1288380294593236992
127,1288353859505545216
128,1288352261928824832
129,1288328054427856903
130,1288315875754274816
131,1288304269347753984
132,1288289724587741184
133,1288289062323879937
134,1288285963257552897
135,1288284783240519681
136,1288284760154845184
137,1288274794228531200
138,1288267644899139584
139,1288264980547215367
140,1288252909616951296
141,1288252872996552704
142,1288249556849827842
143,1288247882110382080
144,1288245126314090496
145,1288239248165015554
146,1288237100651835393
147,1288235582045458433
148,1288229877850636288
149,1288227533360635904
150,1288225477560156160
151,1288225352012029952
152,1288224375821545473
153,1288223835054120960
154,1288218134894260229
155,1288210343618056196
156,1288209925123051521
157,1288209532502585349
158,1288209431205941252
159,1288208921170239494
160,1288199679579234304
161,1288199108864376833
162,1288185981909204992
163,1288184908557496320
164,1288184563211042821
165,1288181893838536707
166,1288181352991526912
167,1288179394834464768
168,1288178781094649857
169,1288178745258528768
170,1288177915931144192
171,1288176172069728256
172,1288174824221638658
173,1288174520906518533
174,1288171789936463873
175,1288161375135686658
176,1288161268470149120
177,1288161003381968897
178,1288158764382785537
179,1288157947009196033
180,1288157271361560582
181,1288154788824309760
182,1288154625326096386
183,1288153878442250248
184,1288153309329727489
185,1288138544440115200
186,1288136686912888832
187,1288135090686423040
188,1288134842543202304
189,1288134774834507777
190,1288134664075399168
191,1288133476286435331
192,1288132493728714752
193,1288120028005449728
194,1288119098438639620
195,1288114667739467777
196,1288111966557310977
197,1288107327682252800
198,1288088321009135616
199,1288088193842024448
200,1288086493697892355
201,1288083927882760195
202,1288077047559073799
203,1288062787198038017
204,1288062316035145729
205,1288060815246073858
206,1288050621409628165
207,1288048592251486208
208,1288045064598380545
209,1288041756060086274
210,1288033185276862465
211,1288006983790944256
212,1288006800059453440
213,1288006462128627712
214,1287969419105390592
215,1287966574549360641
216,1287966511554994181
217,1287953472499810304
218,1287952365224697861
219,1287947011577098240
220,1287941095649935360
221,1287914193975468040
222,1287913880379781120
223,1287913412912189441
224,1287912176875970560
225,1287910900637155328
226,1287896124913844224
227,1287891477742354433
228,1287882945793937408
229,1287880546828181504
230,1287867454773837825
231,1287863073529896962
232,1287862648986632193
233,1287862618263347202
234,1287851081771311104
235,1287850665826541570
236,1287849848214093827
237,1287848271659118594
238,1287847543322419205
239,1287846675487367172
240,1287831989287104516
241,1287817180751564802
242,1287813780878118913
243,1287813387116777477
244,1287805963555274754
245,1287780263880208384
246,1287779804687798273
247,1287778139729469440
248,1287775292858273792
249,1287772299093893120
250,1287766988090212357
251,1287753935516819456
252,1287752015649607685
253,1287748755652071425
254,1287748556321849345
255,1287732853619425281
256,1287727998477701121
257,1287726125557452808
258,1287725173903437827
259,1287721911451914240
260,1287719121052938242
261,1287718489982226434
262,1287712647094444032
263,1287703271310860293
264,1287697339117981697
265,1287689764876017665
266,1287684566988267521
267,1287680003623260160
268,1287674164472504322
269,1287674109132828672
270,1287667924036182016
271,1287666291168419842
272,1287646490656202752
273,1287626879969656833
274,1287621010666090499
275,1287603570070695937
276,1287602962936848384
277,1287597202093813760
278,1287596450378059776
279,1287595605615755264
280,1287595088529547264
281,1287594906760826883
282,1287594775189782528
283,1287594507890905093
284,1287594475636830213
285,1287593216271945732
286,1287592222733373441
287,1287591135498526720
288,1287580381039022083
289,1287550795416776709
290,1287546005202722816
291,1287535397510221831
292,1287528008610222080
293,1287514163229622272
294,1287497752751087618
295,1287493332684410883
296,1287493134977564674
297,1287488928707235843
298,1287486267488456704
299,1287459514581569536
300,1287454783230619650
301,1287454727513559041
302,1287451694951997445
303,1287451380064620545
304,1287434158675984387
305,1287425969813323782
306,1287419843105316865
307,1287409944455569408
308,1287406774564290561
309,1287392085046427648
310,1287372751519600641
311,1287369829356376064
312,1287359155200765952
313,1287357149723557888
314,1287305986894692352
315,1287277346517655552
316,1287264848397643776
317,1287257351272255488
318,1287257341755301888
319,1287251502940250118
320,1287250529731526657
321,1287244940989345792
322,1287244872307613701
323,1287243967524827137
324,1287239755768516609
325,1287239080317792258
326,1287239000990928896
327,1287228757724471296
328,1287217906607108099
329,1287207157142880258
330,1287196861804302337
331,1287178247726342144
332,1287170320533782528
333,1287169737051590656
334,1287168957703749644
335,1287168933657808898
336,1287149047451512832
337,1287148953771925521
338,1287144903437365248
339,1287140695443218432
340,1287140668721299457
341,1287135181686661121
342,1287123029793939458
343,1287118638911295489
344,1287115712608206849
345,1287115219727273984
346,1287108801074667520
347,1287107752775516162
348,1287103661055778816
349,1287103081608552448
350,1287101297804681216
351,1287100858304520192
352,1287098145923633158
353,1287092964649512961
354,1287092407532691457
355,1287091920632717314
356,1287088997777506304
357,1287084494676283394
358,1287071125516804097
359,1287068988850106369
360,1287065948856422400
361,1287064778645680133
362,1287062092214747136
363,1287061890225573888
364,1287061789029609472
365,1287059111092183043
366,1287058680974839819
367,1287057713663488002
368,1287056500989534209
369,1287054529008001025
370,1287052168240005120
371,1287051669394595840
372,1287051114727092227
373,1287050841615224833
374,1287050808148754432
375,1287047852137549825
376,1287047501229383682
377,1287045696957435906
378,1287045359974469632
379,1287045048706699265
380,1287045023780016134
381,1287043640402092032
382,1287033368568164354
383,1287033188481630209
384,1287031555651665920
385,1287031191426785281
386,1287010801769787392
387,1287010531711356928
388,1286996177880330240
389,1286987312447008768
390,1286954345527824385
391,1286942144700321793
392,1286883819849646081
393,1286881579998908418
394,1286866301948846081
395,1286857973902450688
396,1286857802435067905
397,1286857464961531905
398,1286855211785621504
399,1286854798730436609
400,1286832124985778177
401,1286806544944738304
402,1286802142167064576
403,1286798574949343232
404,1286770259710496768
405,1286765264147816448
406,1286759819316269059
407,1286759131676721152
408,1286750374699896833
409,1286750305183506433
410,1286737480558039042
411,1286736285521121281
412,1286733835468775425
413,1286730032870809606
414,1286727903150067713
415,1286727806412611584
416,1286727782102446082
417,1286726625443422208
418,1286722432963956743
419,1286715559061716992
420,1286698929204146176
421,1286697813414424578
422,1286693113826889729
423,1286692414418300929
424,1286685217327992832
425,1286655373898915841
426,1286654060184174594
427,1286652002185949185
428,1286650234630803457
429,1286642349964173313
430,1286635714155864068
431,1286630283949887489
432,1286561599596179456
433,1286549473066471426
434,1286549405219393536
435,1286549227431235585
436,1286549087316254720
437,1286534245914013696
438,1286533780157554688
439,1286526312568557569
440,1286525260658020353
441,1286524280797364227
442,1286521726365466624
443,1286503918101389313
444,1286501441532760064
445,1286499266354184192
446,1286497900403490816
447,1286497159156826113
448,1286497151141453825
449,1286496356434092036
450,1286496032025698311
451,1286496017999945728
452,1286496001340190721
453,1286495983598219266
454,1286495968326823942
455,1286495953449635840
456,1286495941705347072
457,1286491754305400832
458,1286489680788299776
459,1286487021943500800
460,1286484849151205376
461,1286484106973450247
462,1286483711689502722
463,1286483343283032065
464,1286482586806583297
465,1286482108744110083
466,1286481781424676864
467,1286481622993440769
468,1286479808608833537
469,1286462894088101895
470,1286461887865974784
471,1286458583702482944
472,1286458575141838850
473,1286458237127204865
474,1286453391531610112
475,1286453310539661312
476,1286451922677817344
477,1286449776112865281
478,1286441458506006528
479,1286435398617649152
480,1286433304271519750
481,1286433029490171905
482,1286432266558664706
483,1286431393573150720
484,1286430313653010434
485,1286429930037719040
486,1286429886807244802
487,1286429718959587329
488,1286429379300663298
489,1286429267312750604
490,1286428915481939976
491,1286424624549498881
492,1286411193704484864
493,1286410101025394689
494,1286407411859939330
495,1286399989124562945
496,1286399559783133184
497,1286398811464773636
498,1286397582281908224
499,1286395831608905744
500,1286377615973113856
501,1286367610439970817
502,1286364229025619969
503,1286336678420938752
504,1286329656531091457
505,1286322806938955776
506,1286321268011098112
507,1286271460454137856
508,1286242631371108352
509,1286242134249611265
510,1286236115956006912
511,1286234425387290624
512,1286216486470770688
513,1286209911496425472
514,1286207631867236352
515,1286206296933400578
516,1286205692421050368
517,1286172061182943234
518,1286163757077536768
519,1286163250476912641
520,1286153033974456321
521,1286141529329774593
522,1286120510976405505
523,1286107331822944258
524,1286103336551354370
525,1286103248223559681
526,1286098363717488640
527,1286087226569392129
528,1286086641166286848
529,1286068228423159808
530,1286062075995803649
531,1286060319580749830
532,1286059711905792004
533,1286057694638604289
534,1286057694223204352
535,1286056182805721088
536,1286055873606025218
537,1286055737135857669
538,1286055381693640705
539,1286050790482878464
540,1286042395163860992
541,1286039560854609925
542,1286039504185446400
543,1286032445360484352
544,1286030817366482944
545,1286025047287750662
546,1286021371039027201
547,1286017181327806465
548,1286016852687237121
549,1286008126735450112
550,1286006745140273152
551,1286006323369385990
552,1286004434514911233
553,1286003611508641793
554,1286001000549986310
555,1285998558953472004
556,1285995480950861827
557,1285992614941151233
558,1285992412624506880
559,1285988470515617798
560,1285986521330454529
561,1285983926155202560
562,1285982155282231296
563,1285979732320727042
564,1285976867326119936
565,1285975802530672645
566,1285975543326937089
567,1285975534787153921
568,1285975470975090691
569,1285974181629370368
570,1285973150514081794
571,1285971574710063104
572,1285964471802961920
573,1285961582367985667
574,1285960919718211585
575,1285960332234469376
576,1285947599065960448
577,1285947455876538373
578,1285923717667856390
579,1285922478158606339
580,1285921389288083458
581,1285907682336165888
582,1285907572852170754
583,1285907541323665409
584,1285907498789199877
585,1285907432473088001
586,1285907279603277825
587,1285907203610808320
588,1285903520252796929
589,1285892844331380737
590,1285892812219637761
591,1285890835079327744
592,1285890683614769157
593,1285886059268780035
594,1285858502901194752
595,1285791724418342912
596,1285791700514795521
597,1285779211127386116
598,1285756937804619778
599,1285738097330642944
600,1285715673373712387
601,1285707090867232769
602,1285698924074999810
603,1285691247563341826
604,1285689667636080640
605,1285682378317463552
606,1285669561786937344
607,1285667725763850248
608,1285663630328057856
609,1285663263011647488
610,1285662843480739840
611,1285657841504858113
612,1285657147112656901
613,1285655620394328067
614,1285655591411683328
615,1285653306384293888
616,1285651509921943552
617,1285651440703361024
618,1285650582322192391
619,1285646764939370496
620,1285642097454919684
621,1285642056363397120
622,1285631448616247296
623,1285627714825867266
624,1285621372014788609
625,1285614165109936130
626,1285609923255074823
627,1285600629847711744
628,1285597948139708420
629,1285595888983908352
630,1285590925666918401
631,1285590917680779265
632,1285590391811522561
633,1285588679856197634
634,1285579032965324802
635,1285578050843836416
636,1285574444551770112
637,1285572619073474562
638,1285570384813842432
639,1285563703023276032
640,1285563332783681537
641,1285553461745143809
642,1285553033359892480
643,1285547197547925504
644,1285544049143767040
645,1285507031093309440
646,1285484624441946114
647,1285480809823174656
648,1285476929408204800
649,1285476357871407105
650,1285472868688711685
651,1285452139914043392
652,1285451041274830848
653,1285450359427739649
654,1285449504376881153
655,1285442273879130120
656,1285419904275869697
657,1285417398435225601
658,1285416999862992898
659,1285412957720137728
660,1285412803218567168
661,1285412530098143233
662,1285400671659765760
663,1285394247240364032
664,1285393886408511496
665,1285388753218015232
666,1285372499635638272
667,1285363419311480832
668,1285349631447228417
669,1285347308817674240
670,1285345427420635136
671,1285337010572492801
672,1285336138832642056
673,1285332329142067201
674,1285321261636177920
675,1285316814722019328
676,1285316409099255811
677,1285313771012063234
678,1285307566352994306
679,1285302656488046593
680,1285299495484481537
681,1285293045550915585
682,1285288112143335428
683,1285284560922644481
684,1285281246835363841
685,1285279880435957763
686,1285279746880921601
687,1285278666247884801
688,1285277719266316291
689,1285275010987429888
690,1285272112672976896
691,1285265846852399105
692,1285264284482596864
693,1285258249248346115
694,1285247229951909888
695,1285235603932495873
696,1285230374407344128
697,1285223122233221121
698,1285197653995851783
699,1285196671895384064
700,1285175227421532160
701,1285171156140654593
702,1285117911292674048
703,1285088874352566275
704,1285076617061003265
705,1285070666786578432
706,1285070358312357888
707,1285065182289461248
708,1285054603914952704
709,1285054393193136128
710,1285021304110841856
711,1285011911336230913
712,1284976907163848714
713,1284965571218595840
714,1284963455800356865
715,1284951444811120641
716,1284943988542316546
717,1284942183942979586
718,1284937412058189827
719,1284928833569857537
720,1284925152892014594
721,1284919708597321735
722,1284913458098720769
723,1284912365641719813
724,1284912299770286080
725,1284912005749579777
726,1284907557832675328
727,1284905411699761153
728,1284901262400655360
729,1284898628302254080
730,1284898408407293952
731,1284890880290312192
732,1284890183326814208
733,1284873232990892035
734,1284872100126380038
735,1284861783837155333
736,1284857437871239170
737,1284838105812475904
738,1284837743600848897
739,1284806928552476677
740,1284770527299633152
741,1284770504084197378
742,1284769627881574401
743,1284769552711266309
744,1284760804072525833
745,1284757451963691009
746,1284743272934420482
747,1284710558676082691
748,1284692127201419265
749,1284690416324038656
750,1284620305240031234
751,1284620301066743808
752,1284616194885136386
753,1284616126312349698
754,1284615784505868288
755,1284615728692330499
756,1284607613213323264
757,1284602827504062465
758,1284598720189865984
759,1284596380087058434
760,1284581095120543745
761,1284566287985848320
762,1284551475423739905
763,1284538032201379847
764,1284520414635597824
765,1284510887844315136
766,1284510829736534023
767,1284508792206614530
768,1284503185378377728
769,1284500497236242433
770,1284481263890358272
771,1284476800651812869
772,1284457121036275712
773,1284452285007818753
774,1284442534932934656
775,1284440667167621120
776,1284409946302382081
777,1284402929223512064
778,1284398580686442497
779,1284398346145234944
780,1284395022201298945
781,1284391517956669440
782,1284389079765975040
783,1284389067338076161
784,1284386000215605249
785,1284372805165944833
786,1284346244589146114
787,1284335610027806720
788,1284335506801733632
789,1284330000645148672
790,1284321978795593733
791,1284311357035356166
792,1284303807598473216
793,1284301826846752769
794,1284294744202448903
795,1284293484518813697
796,1284293223318466561
797,1284291133145862145
798,1284285307794460673
799,1284276202744799232
800,1284276053658275842
801,1284275966840385537
802,1284273686841905152
803,1284270342098300929
804,1284268516028420101
805,1284256140361175042
806,1284255731663941632
807,1284254938277851136
808,1284254662196170756
809,1284238166111645696
810,1284229531201671168
811,1284225821142585344
812,1284222048013877248
813,1284220497232662528
814,1284218730365497345
815,1284218136762425344
816,1284214938152497152
817,1284211051060293632
818,1284202631657734144
819,1284200889516011525
820,1284198009459400705
821,1284190604570877954
822,1284179769660190720
823,1284178514661474305
824,1284175777869766657
825,1284158667475103744
826,1284157734217289736
827,1284156408041267208
828,1284156392950001664
829,1284155952598589441
830,1284155906972737538
831,1284151682599878656
832,1284148465841266690
833,1284143942582312963
834,1284141596116758528
835,1284126034263248897
836,1284120770596220928
837,1284117968297897984
838,1284117142745513985
839,1284116914520850432
840,1284116905964515330
841,1284116095557935109
842,1284114525663514636
843,1284111781107953664
844,1284105384458948610
845,1284102763547373570
846,1284097686149488644
847,1284090294263308290
848,1284088416850915331
849,1284088276400340995
850,1284086764337070086
851,1284077608389480449
852,1284077370723504130
853,1284077153181675520
854,1284075982585057281
855,1284072300543975425
856,1284071069620547584
857,1284069849958715396
858,1284067766010630145
859,1284056168634056704
860,1284055658049032192
861,1284055225654038531
862,1284051869355188225
863,1284051699875876867
864,1284049893280165888
865,1284049490928734208
866,1284044068440485889
867,1284039665067216896
868,1284035818676338688
869,1284035677018099713
870,1284033041321603072
871,1284030551456985088
872,1284025361387466752
873,1284024259229057024
874,1284024014932004865
875,1284016729073635329
876,1284015271569756161
877,1284013143254016000
878,1284010615451901953
879,1284006828972507137
880,1284006737201082368
881,1284005119705714688
882,1284002293788971012
883,1284000449071210498
884,1283998643775664128
885,1283998373872390146
886,1283998153449013248
887,1283997639101448195
888,1283997445593223168
889,1283995985077829635
890,1283994990885117953
891,1283992634713939969
892,1283990745410449408
893,1283989412574093312
894,1283989240582475781
895,1283987716804419594
896,1283986909568491522
897,1283986012121608194
898,1283985946149609472
899,1283985573506699265
900,1283984921455992832
901,1283984895421841408
902,1283984355329810432
903,1283984121635786752
904,1283983855419088898
905,1283983755640582144
906,1283983569183014912
907,1283983435061776384
908,1283983305000382465
909,1283982357783928832
910,1283981609998270464
911,1283981179306352641
912,1283980459337187328
913,1283980418048331777
914,1283979614235373570
915,1283979527455219712
916,1283979513513144320
917,1283979457045422080
918,1283979396324429825
919,1283978517257113600
920,1283977335377715200
921,1283976856023240704
922,1283976686514720771
923,1283975062190727168
924,1283974862256705537
925,1283974560682061824
926,1283974365483347969
927,1283974275783774208
928,1283973200062234634
929,1283972614117982216
930,1283972578214903808
931,1283972335645544449
932,1283972316469182464
933,1283971922284478464
934,1283971411707650048
935,1283971093821177857
936,1283970958823493636
937,1283970422124339201
938,1283970177449594880
939,1283970167345643520
940,1283969925732872192
941,1283969742810886144
942,1283969609968660481
943,1283969564137738242
944,1283969449188524032
945,1283969073265737729
946,1283968881669873679
947,1283968858974490624
948,1283968609711267840
949,1283968599795933185
950,1283968546012385280
951,1283968446519181312
952,1283968430769659906
953,1283968406312546304
954,1283968079970664448
955,1283968079517691905
956,1283968038421725185
957,1283968023892758528
958,1283968002258612225
959,1283967847966953472
960,1283967810239176706
961,1283967756434628614
962,1283967730119516160
963,1283967690789408768
964,1283967598691004416
965,1283967528448987138
966,1283967514968555521
967,1283967510828679168
968,1283967469804310529
969,1283967441991868418
970,1283967416557613057
971,1283967396672417794
972,1283967386664697857
973,1283967345279537158
974,1283967331941703680
975,1283967269115006983
976,1283967253424168960
977,1283967250970681349
978,1283967250614099969
979,1283967241852157953
980,1283967221233004545
981,1283967180061708288
982,1283957972935348225
983,1283951782033526787
984,1283943547352252417
985,1283924038058942466
986,1283922209489031169
987,1283921470570323970
988,1283921452023062528
989,1283921288457867266
990,1283910451903029248
991,1283897877526392833
992,1283897630347714561
993,1283896260576063489
994,1283891136239751168
995,1283886484769189889
996,1283885662467493889
997,1283869786561220610
998,1283868830788284416
999,1283866522428084226
1000,1283866038745128961
1001,1283859687000031232
1002,1283857780672061441
1003,1283835427909259264
1004,1283834433263501313
1005,1283827141763710976
1006,1283823836027400192
1007,1283821532142342144
1008,1283816419017265153
1009,1283816365007286274
1010,1283813832457170944
1011,1283808145333121026
1012,1283807798392848385
1013,1283807455949070337
1014,1283807116722008064
1015,1283805448056037376
1016,1283804905300463617
1017,1283798180979777536
1018,1283798123735851010
1019,1283797070608887811
1020,1283796915897827329
1021,1283794376783691777
1022,1283793338659934208
1023,1283792384292249600
1024,1283789584715747328
1025,1283786140676308995
1026,1283782811917459460
1027,1283779437109149696
1028,1283776219071123461
1029,1283773963026432001
1030,1283771973479301124
1031,1283770355975413760
1032,1283769819041607680
1033,1283759518162313216
1034,1283756118926188544
1035,1283743807234875392
1036,1283743454783254529
1037,1283739581372915719
1038,1283723604417564673
1039,1283721578962997249
1040,1283691926449876993
1041,1283690151470923778
1042,1283685980906627075
1043,1283682531590774784
1044,1283662986998095874
1045,1283658969932722176
1046,1283644057239998471
1047,1283643725453750273
1048,1283643155871608833
1049,1283636886410534912
1050,1283635088975032320
1051,1283605153409429504
1052,1283605011822284800
1053,1283601970557620225
1054,1283601745172733953
1055,1283563488628047875
1056,1283555499955425286
1057,1283523485453582336
1058,1283518529900355586
1059,1283500596423561216
1060,1283499166040236037
1061,1283466797421912066
1062,1283466590818906114
1063,1283455937609596929
1064,1283454992158990342
1065,1283454222252552193
1066,1283452886840512513
1067,1283449940803375105
1068,1283448567559008256
1069,1283448331902091266
1070,1283444839133204481
1071,1283423712864358400
1072,1283423646128586752
1073,1283413893835116544
1074,1283405877639180290
1075,1283385792556158978
1076,1283380127951400960
1077,1283367777521135616
1078,1283362526214979589
1079,1283355633933312000
1080,1283354581515239425
1081,1283327520805445634
1082,1283311937456046081
1083,1283310892193464321
1084,1283288394257309696
1085,1283283630337470464
1086,1283250734025277446
1087,1283242608890834944
1088,1283242018697695232
1089,1283218956535263232
1090,1283214187871838212
1091,1283193382731423746
1092,1283172825310928896
1093,1283172624856645634
1094,1283152995505573889
1095,1283147449826238467
1096,1283138768614985728
1097,1283138492646731777
1098,1283137934800060420
1099,1283104433832734720
1100,1283093341090045952
1101,1283090390904639489
1102,1283079567905820672
1103,1283079076912209920
1104,1283068820597477381
1105,1283065498943528963
1106,1283062409008164870
1107,1283061292048080899
1108,1283056185122279424
1109,1283051578488954882
1110,1283049695074557955
1111,1283047389427896320
1112,1283040454657875969
1113,1283012829101121536
1114,1283004595581657089
1115,1282968537598840832
1116,1282967481989107712
1117,1282967116992458752
1118,1282966895805599744
1119,1282948389349580800
1120,1282943771710291968
1121,1282888380276146186
1122,1282880212766617603
1123,1282877689968222209
1124,1282877265781678083
1125,1282848729087856640
1126,1282838885450604544
1127,1282838081658331141
1128,1282836863250817025
1129,1282831952861704197
1130,1282828905070690305
1131,1282820277316067337
1132,1282819202873606144
1133,1282813768154529794
1134,1282810799350849538
1135,1282795395106603008
1136,1282795325330264064
1137,1282791016190353421
1138,1282775616522031104
1139,1282761937563115525
1140,1282759386860052482
1141,1282758643558027264
1142,1282751831299555335
1143,1282751009413050368
1144,1282741545267937280
1145,1282741135014629376
1146,1282729134058139653
1147,1282726403230883840
1148,1282713331929882625
1149,1282709604116213760
1150,1282709450713968641
1151,1282706793408483328
1152,1282702861340741633
1153,1282702408406175746
1154,1282698979579322373
1155,1282691689384161285
1156,1282660226769059841
1157,1282606052501065728
1158,1282601367346065409
1159,1282569183696351232
1160,1282538294576852992
1161,1282534584404459522
1162,1282534199711469569
1163,1282528434032381953
1164,1282528425320882177
1165,1282521190502891520
1166,1282517670399602689
1167,1282509690316795905
1168,1282502977190793216
1169,1282495233796837376
1170,1282494483246940161
1171,1282476749364711425
1172,1282469849948725250
1173,1282465736619896833
1174,1282463504985923584
1175,1282460101115367424
1176,1282425202018852865
1177,1282422046576656384
1178,1282421068234465288
1179,1282420980883824640
1180,1282417301921443840
1181,1282410531349909504
1182,1282408325603303425
1183,1282406564049981440
1184,1282405123470299136
1185,1282403999099039751
1186,1282396651861282816
1187,1282385483566387200
1188,1282370969542234113
1189,1282369295050309632
1190,1282368890903973888
1191,1282368495674519552
1192,1282362247952715776
1193,1282352135355523073
1194,1282350141362536450
1195,1282349880904687616
1196,1282349236907126784
1197,1282342140589166597
1198,1282336537804324864
1199,1282334641299632129
1200,1282334078075838464
1201,1282333612650766336
1202,1282326803256938497
1203,1282325236101386243
1204,1282323381862330369
1205,1282318964853547009
1206,1282315764716965888
1207,1282313237283966978
1208,1282312713046302728
1209,1282304774860406784
1210,1282294660761878529
1211,1282286870387286016
1212,1282279783922098177
1213,1282266239293956096
1214,1282266227277209603
1215,1282235683755655168
1216,1282222259738947584
1217,1282219289362206721
1218,1282218724301340673
1219,1282217960120123393
1220,1282208137492041728
1221,1282204905755889664
1222,1282198110681337856
1223,1282195391333662720
1224,1282194915045384200
1225,1282194214445477890
1226,1282189670437122048
1227,1282188874337284104
1228,1282188489145147392
1229,1282187254325280768
1230,1282185562426765314
1231,1282184850942943233
1232,1282183709664268290
1233,1282182880916115456
1234,1282182805821116416
1235,1282182663227539456
1236,1282182448080658432
1237,1282182359169761285
1238,1282182201858297856
1239,1282181817701982209
1240,1282181645978734592
1241,1282178899137314816
1242,1282166298214928385
1243,1282155442320183296
1244,1282149252764798977
1245,1282148986690744320
1246,1282139731480809479
1247,1282128318217818112
1248,1282126633655103488
1249,1282117928750653443
1250,1282075874817306624
1251,1282060050006081537
1252,1282056384633331712
1253,1282051503360897025
1254,1282048707526045697
1255,1282042292119969799
1256,1282040531636412417
1257,1282036746620985344
1258,1282034722034651151
1259,1282031906796834816
1260,1282031691201236992
1261,1282031593779900416
1262,1282025320347054080
1263,1282018141321789442
1264,1282003189194199040
1265,1282000844557361153
1266,1281999329142636544
1267,1281996903899492352
1268,1281992579085729792
1269,1281991181736579077
1270,1281990476623761410
1271,1281989864116891649
1272,1281988386056806405
1273,1281987498613321731
1274,1281986467208794113
1275,1281985679610839041
1276,1281985397686521867
1277,1281979225755586561
1278,1281977976633073669
1279,1281967888002355202
1280,1281967650428657667
1281,1281963359747944449
1282,1281962769147887616
1283,1281961950268858369
1284,1281961797344464898
1285,1281961773864759296
1286,1281960191689469955
1287,1281959696186904577
1288,1281957900043386880
1289,1281956773923106816
1290,1281956569010380800
1291,1281956367629156353
1292,1281956286431715328
1293,1281956022622486530
1294,1281955168171565058
1295,1281955130582208512
1296,1281954344385028096
1297,1281953547211419648
1298,1281946632532238337
1299,1281945460824047617
1300,1281945236852428801
1301,1281943961385476096
1302,1281942725026123776
1303,1281942500064796673
1304,1281941937113780224
1305,1281941563157995520
1306,1281941513493086213
1307,1281938614704898048
1308,1281936291727171584
1309,1281931493456084992
1310,1281930470633041920
1311,1281930057972424704
1312,1281929911255609344
1313,1281925445856919552
1314,1281922999910838275
1315,1281921203310141441
1316,1281918569647939587
1317,1281918310876098571
1318,1281918267460923392
1319,1281918206177947648
1320,1281917516437172225
1321,1281917467741298689
1322,1281911857360646144
1323,1281910214103531520
1324,1281904369965895680
1325,1281896637984641025
1326,1281887694487003136
1327,1281880954089463809
1328,1281875635166642176
1329,1281868581433745408
1330,1281865794985443329
1331,1281863986045243392
1332,1281863830176296969
1333,1281863498910380032
1334,1281858740195659778
1335,1281855393447071745
1336,1281853823682613248
1337,1281853148265623552
1338,1281851444283547648
1339,1281851398590734337
1340,1281849488731066370
1341,1281841955480260613
1342,1281841337717813248
1343,1281841029260419072
1344,1281841017755504641
1345,1281841000466583552
1346,1281840986893750272
1347,1281840975363670018
1348,1281840965825843201
1349,1281840922250997760
1350,1281834065289609217
1351,1281831358353072129
1352,1281830737768075265
1353,1281830661591044096
1354,1281829988162064384
1355,1281829466675658752
1356,1281828549004079104
1357,1281827694297014274
1358,1281824004723167232
1359,1281823209898168320
1360,1281823156504797190
1361,1281823043166380032
1362,1281821343030423552
1363,1281821103736774656
1364,1281820228612218887
1365,1281819227222151169
1366,1281818008583680001
1367,1281816944174182400
1368,1281816366371266561
1369,1281815646783901697
1370,1281815498255212545
1371,1281815096629424129
1372,1281813192679751680
1373,1281812831671922688
1374,1281812333929459712
1375,1281812294842961920
1376,1281812135312408576
1377,1281812129172119552
1378,1281812041263714304
1379,1281812030480175105
1380,1281811958434418695
1381,1281811926930997248
1382,1281811845519740929
1383,1281811831950999552
1384,1281811741953994753
1385,1281811682994597888
1386,1281809683938832384
1387,1281809517278265347
1388,1281809304136249344
1389,1281808977366405121
1390,1281806957528129537
1391,1281805216761823232
1392,1281803038043365376
1393,1281797063173382146
1394,1281795240437800961
1395,1281787388977713153
1396,1281785746521829376
1397,1281783347702898688
1398,1281783238801993734
1399,1281782226934329344
1400,1281780395604942849
1401,1281780298930434048
1402,1281779645235499008
1403,1281779315894620161
1404,1281779186315792384
1405,1281778618666901505
1406,1281778496935690241
1407,1281778302953431042
1408,1281778228072505346
1409,1281777107878772737
1410,1281775790225596416
1411,1281775378038693889
1412,1281774920985239553
1413,1281774643011923969
1414,1281773566145396736
1415,1281773558885212170
1416,1281773455243960320
1417,1281773386461515782
1418,1281772922500198400
1419,1281772230029070336
1420,1281772194255626241
1421,1281771673897914373
1422,1281771181906034698
1423,1281770946421022721
1424,1281770649703387136
1425,1281766118886006786
1426,1281763044964446208
1427,1281752255486623744
1428,1281749116654161921
1429,1281744792079212547
1430,1281744680603004933
1431,1281742925542633472
1432,1281742691898818560
1433,1281742588567941120
1434,1281741434874482688
1435,1281740540552392712
1436,1281739952175435776
1437,1281739191475253248
1438,1281738747411722240
1439,1281737422154366981
1440,1281737416982835202
1441,1281737412222291969
1442,1281737407142998023
1443,1281737402126655488
1444,1281737395537432576
1445,1281734503170486273
1446,1281733819578687488
1447,1281733473074589696
1448,1281732957154107392
1449,1281731948902322176
1450,1281731213091364864
1451,1281730928453341184
1452,1281730694935457792
1453,1281730679374520322
1454,1281730673187803137
1455,1281730589910020101
1456,1281729752232075266
1457,1281729508727500800
1458,1281729045877493760
1459,1281727659551141889
1460,1281725389174439936
1461,1281725330898784258
1462,1281725209012244483
1463,1281721157117530112
1464,1281717496794546176
1465,1281713343296921600
1466,1281712992850030592
1467,1281712873497145345
1468,1281712415466565635
1469,1281712017208832001
1470,1281711732612718592
1471,1281711696772583430
1472,1281710823644319745
1473,1281710297862963202
1474,1281709573506830337
1475,1281708549186494466
1476,1281708391706923008
1477,1281708306650869765
1478,1281707548253487110
1479,1281707157898113025
1480,1281706573144842240
1481,1281706427296489473
1482,1281705569674559492
1483,1281704834417270785
1484,1281704619425619972
1485,1281703184667250688
1486,1281702882165821440
1487,1281701619982360576
1488,1281700797621968897
1489,1281700537659011072
1490,1281699024748380160
1491,1281698519565455363
1492,1281697133398302721
1493,1281695897437589504
1494,1281695551856074753
1495,1281694974837481473
1496,1281694717407891456
1497,1281694477288116224
1498,1281694178099904512
1499,1281693866509262848
1500,1281693755372863492
1501,1281691616936370176
1502,1281691500477403137
1503,1281690582465892352
1504,1281690481458651139
1505,1281689242113118216
1506,1281687499316891650
1507,1281685605236137984
1508,1281685394594107395
1509,1281684591338643457
1510,1281684516680151047
1511,1281684459272773633
1512,1281683290068582407
1513,1281682880859566085
1514,1281682454580015105
1515,1281680501590368256
1516,1281678049080221704
1517,1281677297955811330
1518,1281674992007159808
1519,1281672359716552706
1520,1281671879963615233
1521,1281669887547580422
1522,1281668307788206080
1523,1281667812277223427
1524,1281667128110669827
1525,1281667033780953088
1526,1281666687897612293
1527,1281666577138688002
1528,1281666153006485507
1529,1281666131141570562
1530,1281666023662317568
1531,1281665312488816643
1532,1281665182448717824
1533,1281664736040542211
1534,1281664261794799619
1535,1281663356399759363
1536,1281663103852253186
1537,1281662864021950467
1538,1281662141314015234
1539,1281661360955428865
1540,1281661106625417217
1541,1281660960508346369
1542,1281660761178136576
1543,1281660440972419073
1544,1281659327263248385
1545,1281659030591741953
1546,1281656548419178499
1547,1281656179224190977
1548,1281656148685230080
1549,1281654927635345410
1550,1281654038816157696
1551,1281653914475958272
1552,1281653718274895872
1553,1281651573865750538
1554,1281651424334450689
1555,1281651382991286277
1556,1281651241739628545
1557,1281650847823216642
1558,1281650671117201408
1559,1281648791934902272
1560,1281647885201797120
1561,1281647872996306944
1562,1281647783519412224
1563,1281647696642600960
1564,1281647133506932741
1565,1281646797690228737
1566,1281646791264317440
1567,1281645758500892672
1568,1281645476060647424
1569,1281644832495214594
1570,1281643965423292417
1571,1281643554452803584
1572,1281643182850072579
1573,1281642818578989063
1574,1281639937301979138
1575,1281639336732241921
1576,1281638553513013252
1577,1281638104810561536
1578,1281635959361200130
1579,1281635853010337792
1580,1281635761402580992
1581,1281635357973454849
1582,1281634968180068354
1583,1281634672557150212
1584,1281634207148707845
1585,1281633948041437189
1586,1281633227493584896
1587,1281632917890965505
1588,1281631034883407873
1589,1281630782315003907
1590,1281630595072831489
1591,1281630291354943488
1592,1281629331123576838
1593,1281628941376204801
1594,1281628883218038785
1595,1281628772119261190
1596,1281625000458555393
1597,1281624331592794112
1598,1281623872639586304
1599,1281623775763718144
1600,1281623539846541314
1601,1281623434297057280
1602,1281623216922988544
1603,1281622743885258753
1604,1281622406222753793
1605,1281619758996246530
1606,1281618368412495872
1607,1281618327568125952
1608,1281618317548150791
1609,1281618215513346054
1610,1281617813548027906
1611,1281616665143201800
1612,1281614904818991105
1613,1281614524878135297
1614,1281613318545956865
1615,1281612664926547970
1616,1281609515016704000
1617,1281608794007408640
1618,1281607211010019330
1619,1281606570590244869
1620,1281605780517588994
1621,1281605002017079296
1622,1281604798396211200
1623,1281603994918371328
1624,1281601067881381888
1625,1281600136104181761
1626,1281600012137500674
1627,1281597446993448963
1628,1281596832997613570
1629,1281594635933093888
1630,1281594299327475714
1631,1281593508151857155
1632,1281593320540483587
1633,1281592615679467521
1634,1281592601993523200
1635,1281592261877391361
1636,1281591090618019840
1637,1281590979573710852
1638,1281590449883484165
1639,1281590042432086017
1640,1281587388683255812
1641,1281587044901359621
1642,1281586754244485121
1643,1281586073387311104
1644,1281581613172903938
1645,1281576868077015042
1646,1281576392061333504
1647,1281576355315015681
1648,1281575684486430720
1649,1281575466500071424
1650,1281575101331386369
1651,1281574803321901056
1652,1281572686431477763
1653,1281568683635036160
1654,1281566442257711105
1655,1281564051886297088
1656,1281563576793214977
1657,1281562611742638081
1658,1281555729481113600
1659,1281552608126275585
1660,1281549879425347584
1661,1281549572448243718
1662,1281549272471801856
1663,1281548238076751872
1664,1281545841900236802
1665,1281542778707681281
1666,1281534287968436229
1667,1281533561921830912
1668,1281530955203842048
1669,1281527238396002305
1670,1281525031370096640
1671,1281520654546808837
1672,1281519960666275840
1673,1281519083050213376
1674,1281518125666557952
1675,1281516316441051137
1676,1281515496794402822
1677,1281515338006503424
1678,1281514436226736128
1679,1281513718396977155
1680,1281513670368002048
1681,1281511363244744704
1682,1281510788180709377
1683,1281508316661727232
1684,1281507827861696514
1685,1281507102893064192
1686,1281506842502463491
1687,1281506828619337728
1688,1281506335503179782
1689,1281505112461119488
1690,1281504723141443584
1691,1281503968544337921
1692,1281502353376587776
1693,1281502168743215104
1694,1281502136271077376
1695,1281501897623560192
1696,1281500592041590784
1697,1281500553462247424
1698,1281500460042641408
1699,1281499601682329600
1700,1281499568853704704
1701,1281499437974671362
1702,1281499106867908608
1703,1281499064878563331
1704,1281498796728483840
1705,1281498532013314048
1706,1281498517983440902
1707,1281498330384736256
1708,1281498038129889280
1709,1281497972593889281
1710,1281497399891046401
1711,1281495803777830913
1712,1281494924857208832
1713,1281494796352266240
1714,1281494517292527618
1715,1281494068191625216
1716,1281493694265294849
1717,1281493648815927296
1718,1281493555270254593
1719,1281493265456476162
1720,1281491520919605254
1721,1281491477185605632
1722,1281490305469030401
1723,1281488693140889601
1724,1281488349266665474
1725,1281487535210995712
1726,1281486946443788289
1727,1281486448940777473
1728,1281485123993640960
1729,1281484219856945152
1730,1281483552480210945
1731,1281481468154241026
1732,1281480647492550656
1733,1281479891955978240
1734,1281479865481539585
1735,1281479757394087937
1736,1281478614609952768
1737,1281478340566585344
1738,1281477993148407808
1739,1281477153662492672
1740,1281477147815641091
1741,1281476711914172416
1742,1281476345889992707
1743,1281476215853821955
1744,1281476075512631296
1745,1281475829550026752
1746,1281475672276299776
1747,1281475554101743616
1748,1281475529749573632
1749,1281475275830616064
1750,1281475117130952704
1751,1281474885953314817
1752,1281470281564000261
1753,1281464769191587840
1754,1281463190493097984
1755,1281461973989814272
1756,1281452360498200576
1757,1281435691092774912
1758,1281433760483774464
1759,1281403725341511680
1760,1281391988470714369
1761,1281391162171863041
1762,1281390282878054400
1763,1281376130495401985
1764,1281372409723891713
1765,1281363888253079552
1766,1281362153350430720
1767,1281358251427131392
1768,1281358157348917248
1769,1281355193737637888
1770,1281354361201803265
1771,1281342545742778368
1772,1281339449033601024
1773,1281334500098793473
1774,1281333898232901633
1775,1281329643929231360
1776,1281326971943825415
1777,1281324508880740355
1778,1281323819693727746
1779,1281320824969011208
1780,1281320580017467392
1781,1281320556596469765
1782,1281319671115939840
1783,1281308009898012673
1784,1281305813026590720
1785,1281299723962417152
1786,1281299621063675907
1787,1281299543687155714
1788,1281299408458362881
1789,1281298928911241216
1790,1281298893624442882
1791,1281294461520265216
1792,1281294011018461185
1793,1281291278697676801
1794,1281290828271562757
1795,1281286170433982465
1796,1281285206389985287
1797,1281284116499976192
1798,1281282965230608384
1799,1281282594227789824
1800,1281281310674296833
1801,1281280061526749184
1802,1281275936239951872
1803,1281275675916283906
1804,1281274414793818113
1805,1281273967265841160
1806,1281273708070518787
1807,1281272205658271749
1808,1281272088653856768
1809,1281271948857823233
1810,1281271847821197325
1811,1281271269472665600
1812,1281270950848196608
1813,1281270569619636224
1814,1281269802980397058
1815,1281269659036192768
1816,1281262662622621698
1817,1281259683995480064
1818,1281254806695354369
1819,1281254235665862656
1820,1281247848638619648
1821,1281225592847941633
1822,1281213205029806082
1823,1281211722049740800
1824,1281200675905572864
1825,1281193638056296450
1826,1281170429483286528
1827,1281165274297896960
1828,1281159081986789377
1829,1281156522307813376
1830,1281154158196916226
1831,1281130704030412800
1832,1281126464885309440
1833,1281123639593709569
1834,1281121466042462208
1835,1281105300284559360
1836,1281105025478074368
1837,1281099710917308416
1838,1281096333890326531
1839,1281094513805557760
1840,1281088836626341888
1841,1281073671008813058
1842,1281043761833758720
1843,1281043208810700800
1844,1281042240031375361
1845,1281017740204089346
1846,1281015083817189376
1847,1281012182143176706
1848,1280983875439562752
1849,1280979234819919872
1850,1280979211885281280
1851,1280978774679576580
1852,1280974790535364608
1853,1280969320865116167
1854,1280967218419957762
1855,1280960674873499648
1856,1280956454602588160
1857,1280955814908293120
1858,1280945977881321473
1859,1280940737144610818
1860,1280915862711607297
1861,1280914080430206977
1862,1280910571261448194
1863,1280910312946851840
1864,1280909444054843392
1865,1280901887051653122
1866,1280894398511939584
1867,1280891368341229568
1868,1280888025887768577
1869,1280885985161678852
1870,1280884407432339457
1871,1280864503358504960
1872,1280864295635607552
1873,1280863635506515968
1874,1280860894822404102
1875,1280851645178535937
1876,1280841604962672640
1877,1280840832795455495
1878,1280838584321413122
1879,1280811728616505345
1880,1280799115853455365
1881,1280791146541744130
1882,1280785129628196864
1883,1280776880623403010
1884,1280760674537189376
1885,1280753654476177408
1886,1280743824898142211
1887,1280743494349287424
1888,1280731266157907968
1889,1280725267942531073
1890,1280709820207828993
1891,1280709731095470081
1892,1280704175009968128
1893,1280690569690431489
1894,1280689547383365632
1895,1280688179826372608
1896,1280683979058941952
1897,1280682121498066944
1898,1280680090431602690
1899,1280674328653135872
1900,1280654176251510790
1901,1280642892273352706
1902,1280635511766421509
1903,1280621566892613632
1904,1280619835240693761
1905,1280611906248683520
1906,1280601928544727040
1907,1280599712610095105
1908,1280593142178177024
1909,1280592600957763584
1910,1280590185349238786
1911,1280585329708335105
1912,1280582846546132993
1913,1280554801760215040
1914,1280550024393437191
1915,1280544311000666113
1916,1280544038555435008
1917,1280537077994717185
1918,1280515152115380225
1919,1280514203900678145
1920,1280509096056274945
1921,1280504762367172608
1922,1280500010346516481
1923,1280498683474251778
1924,1280490127081369600
1925,1280489196868833281
1926,1280486011827392512
1927,1280484926509309952
1928,1280484135111458817
1929,1280482794058084353
1930,1280481757960245249
1931,1280479187690754053
1932,1280479062587301889
1933,1280470120951758848
1934,1280469895755575296
1935,1280469885940830208
1936,1280469873492144130
1937,1280467011126964225
1938,1280466531353157632
1939,1280463310161358848
1940,1280461676605845504
1941,1280454810911698944
1942,1280449473110577157
1943,1280438232107253767
1944,1280437978184028160
1945,1280425722750709760
1946,1280418248786276352
1947,1280416297118040065
1948,1280414726162276352
1949,1280406224048193541
1950,1280405689307987968
1951,1280405115690782722
1952,1280395314243891201
1953,1280394533050527744
1954,1280390216491171841
1955,1280387850194653185
1956,1280387498733174787
1957,1280384330024366081
1958,1280384093889454082
1959,1280383825529524225
1960,1280382685035106307
1961,1280381395752214528
1962,1280377470261346304
1963,1280373392751890432
1964,1280370677607010305
1965,1280370416259760129
1966,1280369016171892737
1967,1280368296768856064
1968,1280364461774319617
1969,1280363839951761408
1970,1280363457452355585
1971,1280363285985071105
1972,1280362548521467905
1973,1280341233395740672
1974,1280340273743224834
1975,1280337382986801152
1976,1280327654894268416
1977,1280326802293108736
1978,1280321932487876608
1979,1280320939729858561
1980,1280316959024984065
1981,1280316694397927424
1982,1280316478303191041
1983,1280312397324902401
1984,1280311898454581249
1985,1280309812169826305
1986,1280308935283445760
1987,1280308424937549829
1988,1280307456820854786
1989,1280307097876365312
1990,1280301306431696897
1991,1280300815027142657
1992,1280300372955820032
1993,1280298004512157701
1994,1280290652618702849
1995,1280283272157659136
1996,1280280733072883715
1997,1280279548815384589
1998,1280276394581405697
1999,1280276014694834176
2000,1280269086442893323
2001,1280268214421815297
2002,1280265833999142912
2003,1280258177058000896
2004,1280255185214820352
2005,1280252900158115842
2006,1280251325880479744
2007,1280246287846330370
2008,1280240437140156416
2009,1280238611003142145
2010,1280232987951370240
2011,1280231604594581504
2012,1280231571040210946
2013,1280231413875236864
2014,1280228741361393665
2015,1280223590533795841
2016,1280223215839674369
2017,1280220265016745984
2018,1280217231339577346
2019,1280215996037500928
2020,1280215686128648192
2021,1280215233374683143
2022,1280214535056396288
2023,1280210697494958088
2024,1280210642218225666
2025,1280206449747116032
2026,1280204849347469312
2027,1280203521359560704
2028,1280203249954496513
2029,1280201468801236992
2030,1280198889467936768
2031,1280198036640104449
2032,1280197014269997056
2033,1280196526044839942
2034,1280196113971187713
2035,1280194280221552642
2036,1280193434922426368
2037,1280193234027905028
2038,1280193231121154057
2039,1280193032030167040
2040,1280192552508014593
2041,1280192450494169088
2042,1280192181417005058
2043,1280192169266069504
2044,1280191806164983809
2045,1280190772780957696
2046,1280190333389848576
2047,1280189853204992000
2048,1280188749582864388
2049,1280185142154334209
2050,1280184505270259714
2051,1280182009139257344
2052,1280181923147583490
2053,1280181746693058560
2054,1280180590533320704
2055,1280180533536919557
2056,1280180412292100106
2057,1280175208364736512
2058,1280172984775385089
2059,1280172906811666433
2060,1280171395436208129
2061,1280170966853627905
2062,1280168590457688064
2063,1280166371960205316
2064,1280165179318128640
2065,1280164698311163905
2066,1280164255644483584
2067,1280163252111106049
2068,1280163163309301760
2069,1280161518622048258
2070,1280158930358894592
2071,1280157380433661953
2072,1280155251723526151
2073,1280154582392254464
2074,1280154241684762624
2075,1280152708469702658
2076,1280152567834570752
2077,1280151633356349446
2078,1280150770332184576
2079,1280150233100562432
2080,1280147905421115394
2081,1280147685182447616
2082,1280147200417435648
2083,1280145088153292801
2084,1280140816544141312
2085,1280140698700914690
2086,1280140074588483585
2087,1280139926261190657
2088,1280138952347987968
2089,1280137252698546178
2090,1280134590603001856
2091,1280128035509940224
2092,1280114852409692160
2093,1280111307468013569
2094,1280111017499004929
2095,1280102872936570881
2096,1280100919615553538
2097,1280100446678515713
2098,1280098744059518976
2099,1280096793775075328
2100,1280095846722387968
2101,1280085488221601793
2102,1280084684169502721
2103,1280078615431073792
2104,1280073587194396672
2105,1280071403195293697
2106,1280070049940856833
2107,1280066553233498113
2108,1280066101594947586
2109,1280063398538096643
2110,1280060481005400065
2111,1280059083756838912
2112,1280058568788652032
2113,1280056066735255552
2114,1280054869403951104
2115,1280054072649842688
2116,1280050234261942272
2117,1280048069808177154
2118,1280046066994499584
2119,1280045862153072646
2120,1280044379399479296
2121,1280043408002650113
2122,1280042674737856517
2123,1280040684209213440
2124,1280040504768462849
2125,1280040490331586560
2126,1280038630694596608
2127,1280038516983029760
2128,1280037831155634176
2129,1280035474065760257
2130,1280035369124151302
2131,1280034265514651649
2132,1280033348845330433
2133,1280032574450987008
2134,1280032017544024065
2135,1280031673531260928
2136,1280031658586980353
2137,1280031519608692736
2138,1280031484204597250
2139,1280031295955820544
2140,1280031264016220160
2141,1280031176212668416
2142,1280031007887052800
2143,1280029263417098240
2144,1280027970460176384
2145,1280027484562395137
2146,1280027411103408129
2147,1280022801789923328
2148,1280022497556127745
2149,1280022326726270976
2150,1280021599643631616
2151,1280019054137237504
2152,1280018648476692486
2153,1280016317983014914
2154,1280015872740880385
2155,1280013319634481154
2156,1280012699326468099
2157,1280012689364758529
2158,1280011215322984448
2159,1280009540214247424
2160,1280007963323715584
2161,1280006187325497355
2162,1280003850200420358
2163,1279999399146504192
2164,1279997986618163202
2165,1279997201482203136
2166,1279996208723816448
2167,1279993982458540034
2168,1279993165496193024
2169,1279992454394109952
2170,1279992298282115073
2171,1279992294377009153
2172,1279991300033589248
2173,1279990746100236288
2174,1279990548061999111
2175,1279990337222717440
2176,1279987197387685888
2177,1279986828670615552
2178,1279986078414495746
2179,1279985780157493253
2180,1279985508362317824
2181,1279984676757635072
2182,1279984104428077056
2183,1279983962928975873
2184,1279983872646639616
2185,1279983753561903104
2186,1279983694275473409
2187,1279983281073582080
2188,1279982780785582080
2189,1279981933171281923
2190,1279981550021599237
2191,1279980870976356352
2192,1279980529505320961
2193,1279979364193574912
2194,1279979077600833536
2195,1279978533192822784
2196,1279977908719611904
2197,1279977421626802181
2198,1279976489384058881
2199,1279975759344357378
2200,1279974394979323908
2201,1279974291711328258
2202,1279973595557629952
2203,1279967200166674435
2204,1279966397708173312
2205,1279964828233281536
2206,1279964717927165952
2207,1279963127577280517
2208,1279962658356199424
2209,1279961279860551682
2210,1279960494175072257
2211,1279960312637042688
2212,1279959432231882753
2213,1279959424782786562
2214,1279958186343182337
2215,1279957448779091968
2216,1279954769310887937
2217,1279950567373180928
2218,1279948896865865728
2219,1279948634637901824
2220,1279947647651020800
2221,1279947582966566913
2222,1279947535675731968
2223,1279947360181915651
2224,1279946616481472517
2225,1279946528098902018
2226,1279946103283048448
2227,1279944746631262208
2228,1279944728226795521
2229,1279944642897813504
2230,1279944319319891973
2231,1279944263992774657
2232,1279943696146972677
2233,1279941584906326017
2234,1279941216013029376
2235,1279940881672527873
2236,1279938834998804480
2237,1279938720280567808
2238,1279938599883091973
2239,1279938070523990016
2240,1279938020221878272
2241,1279937697998688256
2242,1279937269269508097
2243,1279936863684505600
2244,1279936511492993026
2245,1279936442496622594
2246,1279935872251514880
2247,1279935523373690880
2248,1279934793921298432
2249,1279934705601785857
2250,1279934193359822848
2251,1279933896558366721
2252,1279933874424836096
2253,1279933448812142592
2254,1279933030782681089
2255,1279932159180996610
2256,1279932096732069890
2257,1279931644611227650
2258,1279931091319734272
2259,1279930523477917696
2260,1279929494535536641
2261,1279929090452140033
2262,1279928794585772034
2263,1279928676662931456
2264,1279928272277483525
2265,1279928261342932994
2266,1279928225481834497
2267,1279928061790748672
2268,1279927911387205635
2269,1279927808098045952
2270,1279927733687136256
2271,1279927542334586880
2272,1279927523967528964
2273,1279927150452314115
2274,1279926756833517568
2275,1279926590281936898
2276,1279926498552623105
2277,1279926429006868480
2278,1279926096268591106
2279,1279925957327978497
2280,1279925755003183104
2281,1279925382909587461
2282,1279925305986224129
2283,1279925283215282177
2284,1279924854247116800
2285,1279923687504752640
2286,1279923171194474496
2287,1279923026159644673
2288,1279922673460621312
2289,1279922160916709376
2290,1279921866753347584
2291,1279921417534861312
2292,1279921390418661377
2293,1279920998817636352
2294,1279920517823238145
2295,1279920195411349504
2296,1279920109830713344
2297,1279920064901328897
2298,1279919972450332675
2299,1279919715910070273
2300,1279919706300985344
2301,1279919688705880066
2302,1279919184630161409
2303,1279919098822930433
2304,1279918847508783105
2305,1279918459267289089
2306,1279918101258285057
2307,1279918099236638720
2308,1279917778842128385
2309,1279917759808372737
2310,1279917371663081473
2311,1279917223914717184
2312,1279915976734244866
2313,1279915410540945410
2314,1279914711623118848
2315,1279914481187983360
2316,1279913761126731777
2317,1279913314617884675
2318,1279913283244392460
2319,1279912710466142208
2320,1279912048193871875
2321,1279911904165670912
2322,1279911422886117376
2323,1279911219135156224
2324,1279911171659837447
2325,1279910487988322304
2326,1279909786130186251
2327,1279909040114499585
2328,1279908495190605837
2329,1279906597549084675
2330,1279906531199287301
2331,1279905877097619456
2332,1279904545603117056
2333,1279904369861771265
2334,1279904077569286146
2335,1279904023924092929
2336,1279903555827101696
2337,1279902901276749824
2338,1279901389737603072
2339,1279900708905639936
2340,1279900296316104704
2341,1279899979314802689
2342,1279899978870091776
2343,1279899928186191873
2344,1279899837207642112
2345,1279899650208792576
2346,1279898952804917248
2347,1279898946949787655
2348,1279897947732353032
2349,1279896905577828352
2350,1279896564715192323
2351,1279896181368332288
2352,1279895957182615552
2353,1279895736746991616
2354,1279895465371275265
2355,1279895240925642755
2356,1279895018501636096
2357,1279894688657543168
2358,1279894362378338314
2359,1279894314789883904
2360,1279894314626277376
2361,1279894288449536000
2362,1279893913520701440
2363,1279893333259804675
2364,1279893217677377536
2365,1279892951724892165
2366,1279892456683843584
2367,1279891969406169089
2368,1279891155770056705
2369,1279889710236778496
2370,1279889322158682114
2371,1279889225291378688
2372,1279888941240418310
2373,1279888718623412225
2374,1279888161234132992
2375,1279888143232237568
2376,1279888123997179904
2377,1279888116447350793
2378,1279887887304134657
2379,1279886550118137860
2380,1279886022004936706
2381,1279885120762114048
2382,1279884725729935362
2383,1279883805051011072
2384,1279883721022287872
2385,1279883091012538368
2386,1279883025862365185
2387,1279882543043678208
2388,1279882469613977601
2389,1279882193221935106
2390,1279882171440934918
2391,1279882146732281858
2392,1279882049961234434
2393,1279881639729016832
2394,1279881067760140290
2395,1279880960981569539
2396,1279880620001366026
2397,1279880533309362176
2398,1279880400031158272
2399,1279880325531873286
2400,1279880061793923072
2401,1279880055594893314
2402,1279879843568660484
2403,1279879833615511554
2404,1279879792788230147
2405,1279879658130071554
2406,1279879447525462016
2407,1279879141978972160
2408,1279879043626807296
2409,1279878435175792641
2410,1279878242342711297
2411,1279877954214952961
2412,1279877848883507204
2413,1279877584847884288
2414,1279876682460147712
2415,1279876666643398658
2416,1279876530366058497
2417,1279875847273529344
2418,1279873881751330816
2419,1279873348449841155
2420,1279873251682988032
2421,1279872523010813953
2422,1279872473476014081
2423,1279871544915828738
2424,1279869889772236806
2425,1279869849905377285
2426,1279869230725435393
2427,1279868832782434308
2428,1279868611683893248
2429,1279868159206531073
2430,1279868143108624384
2431,1279867802162257920
2432,1279867362288730112
2433,1279867303417524226
2434,1279865677604585472
2435,1279864482840412161
2436,1279864031411658754
2437,1279863765643726853
2438,1279862909921878016
2439,1279861739618816000
2440,1279861325506637824
2441,1279860663368679427
2442,1279860469654671360
2443,1279860146789892098
2444,1279859964287344641
2445,1279859913590599680
2446,1279859893990830080
2447,1279859585755611138
2448,1279859321560535043
2449,1279858182802665473
2450,1279858026070056962
2451,1279857684565708802
2452,1279855998744707073
2453,1279855869707137024
2454,1279855556073623552
2455,1279855430252941317
2456,1279855058692313091
2457,1279854967319388161
2458,1279854079011885063
2459,1279853926158827522
2460,1279853908412829697
2461,1279853398091796485
2462,1279853001356857344
2463,1279852650763296768
2464,1279852601660649473
2465,1279852526662189057
2466,1279852403207163905
2467,1279852353617907713
2468,1279852334005305344
2469,1279851972837863425
2470,1279851932736278528
2471,1279851906991611904
2472,1279851526077534216
2473,1279851442329747457
2474,1279851427461029888
2475,1279851371764658176
2476,1279851311538810881
2477,1279851160359391232
2478,1279850899247112193
2479,1279850791495483403
2480,1279850692966924290
2481,1279850390897360898
2482,1279850087808561152
2483,1279850020964110339
2484,1279849946561212417
2485,1279849682714361856
2486,1279849586748796930
2487,1279849452237459456
2488,1279849296137945089
2489,1279847991784816640
2490,1279847817805090816
2491,1279847796577693697
2492,1279847636640632841
2493,1279847203658489856
2494,1279846445995130882
2495,1279845792048504833
2496,1279844797726015489
2497,1279844462387064832
2498,1279844013755953152
2499,1279843996882403328
2500,1279843982789337088
2501,1279843664836124672
2502,1279843587711045632
2503,1279842227108278272
2504,1279841482539581440
2505,1279838620493344768
2506,1279835338635202560
2507,1279835261430530048
2508,1279830995513081863
2509,1279827044487041025
2510,1279826740349566976
2511,1279818343717928960
2512,1279813030352650241
2513,1279792568776175618
2514,1279784648432914434
2515,1279777803811065856
2516,1279776997825183744
2517,1279776029201125376
2518,1279775939371716608
2519,1279772784701423617
2520,1279766009885360132
2521,1279764952941596673
2522,1279761791384465408
2523,1279761318627565568
2524,1279760458405339136
2525,1279751627923050497
2526,1279749543098277888
2527,1279733854069125120
2528,1279728416422584320
2529,1279718522923311105
2530,1279700195509448704
2531,1279679401014116352
2532,1279669905089007616
2533,1279639059908956161
2534,1279638132883890176
2535,1279630249739849728
2536,1279629746029170688
2537,1279620264158887936
2538,1279604889459580929
2539,1279592857435639808
2540,1279592448663183360
2541,1279591326829305856
2542,1279591104187371522
2543,1279582892449042432
2544,1279582734134976513
2545,1279580982723649538
2546,1279580571644149772
2547,1279578017845727233
2548,1279568949244559365
2549,1279568547644166145
2550,1279564059856171008
2551,1279562511659008002
2552,1279560635802681344
2553,1279558869795196941
2554,1279558610129952773
2555,1279555590285656064
2556,1279553551656800256
2557,1279548303399682052
2558,1279544989941485569
2559,1279543728466726916
2560,1279540889828933634
2561,1279540257529225216
2562,1279534442638442503
2563,1279532805404405760
2564,1279530093384212481
2565,1279522583856082944
2566,1279515933497864194
2567,1279512407933702147
2568,1279511976377372672
2569,1279508827893833729
2570,1279501807283245057
2571,1279483328295550977
2572,1279483267939532806
2573,1279480602123808774
2574,1279478976931598338
2575,1279472232314503169
2576,1279469242526531584
2577,1279468248682172416
2578,1279454488370257922
2579,1279445919302217729
2580,1279441151045623811
2581,1279434119085060099
2582,1279427150831955970
2583,1279425239923912704
2584,1279423213303447554
2585,1279422886004920321
2586,1279407481421258754
2587,1279404278466129920
2588,1279403886588104709
2589,1279401938321207297
2590,1279372513609502726
2591,1279368823746048000
2592,1279363418324156416
2593,1279363019110219776
2594,1279361806746685440
2595,1279357414270218241
2596,1279354582242521088
2597,1279343174767595520
2598,1279339716391743493
2599,1279338366702628864
2600,1279324919113805824
2601,1279322877502935041
2602,1279318368596692992
2603,1279317949199921159
2604,1279317738838786056
2605,1279308813934485504
2606,1279308015196233728
2607,1279306875318796288
2608,1279306206671142913
2609,1279302536449503232
2610,1279302366907555841
2611,1279301213385785344
2612,1279300051597230080
2613,1279286517677150213
2614,1279285691982233600
2615,1279283405327175681
2616,1279273933758439435
2617,1279273677008318465
2618,1279273612143398913
2619,1279273294391361536
2620,1279273143643918336
2621,1279266414193332224
2622,1279263420102164480
2623,1279253497440018432
2624,1279244930284572672
2625,1279244707458166784
2626,1279244011983773697
2627,1279241993927962624
2628,1279240420862709767
2629,1279231923756445696
2630,1279230082498867201
2631,1279228531675992064
2632,1279227533397909504
2633,1279226797918425088
2634,1279223659161194497
2635,1279223259507167232
2636,1279223125213765637
2637,1279218255727431681
2638,1279214585405476869
2639,1279214254462205955
2640,1279207466815946752
2641,1279204705785262081
2642,1279194955223756800
2643,1279194921958879232
2644,1279194917424816136
2645,1279194715204837378
2646,1279191514338525202
2647,1279190876531625984
2648,1279189942862639104
2649,1279187034469543938
2650,1279186689777270785
2651,1279185056297353217
2652,1279183797364408325
2653,1279182697936703489
2654,1279182655267966976
2655,1279182405643972610
2656,1279181961014239233
2657,1279181130944655367
2658,1279180233602551809
2659,1279179001068752901
2660,1279178567222509570
2661,1279178382597664768
2662,1279177392989167616
2663,1279177077321805826
2664,1279177066559217664
2665,1279177057864486912
2666,1279177051694497792
2667,1279175769646825472
2668,1279175043960893440
2669,1279174831385317380
2670,1279174598353915910
2671,1279174523305279490
2672,1279174276856324096
2673,1279173496581558278
2674,1279170728097652737
2675,1279169511829180416
2676,1279169059800702990
2677,1279163631746322432
2678,1279163018673340417
2679,1279162204688912393
2680,1279161350196015104
2681,1279159481495105544
2682,1279158749798838273
2683,1279158416800391169
2684,1279157892000755713
2685,1279157737381867520
2686,1279155906412937216
2687,1279155847864688644
2688,1279154551417909249
2689,1279153167880486912
2690,1279150762401161217
2691,1279150480841748482
2692,1279149577279594497
2693,1279145228159639558
2694,1279143062875373569
2695,1279142478290051072
2696,1279141650145697792
2697,1279140908164763648
2698,1279139476984528896
2699,1279138658189078528
2700,1279138459849035778
2701,1279138348938993670
2702,1279138308879196160
2703,1279138275110916096
2704,1279138260850262021
2705,1279138228919062531
2706,1279137995430469635
2707,1279137960181534720
2708,1279136416677728256
2709,1279136151694172161
2710,1279135424993165312
2711,1279134433468190721
2712,1279134181595836417
2713,1279131956794593280
2714,1279131794122539008
2715,1279131537108283392
2716,1279131287257833473
2717,1279130546719928320
2718,1279130361822314499
2719,1279130225046102016
2720,1279129947756466181
2721,1279129848552624128
2722,1279129719896715265
2723,1279129492242522125
2724,1279129375707889665
2725,1279128246425026560
2726,1279128223691837440
2727,1279128054942568448
2728,1279127882317680640
2729,1279127329458053123
2730,1279127164722442240
2731,1279126785205121025
2732,1279126708793335809
2733,1279126597723881472
2734,1279125702353326080
2735,1279125649479925760
2736,1279125386769686535
2737,1279125214412996608
2738,1279124837793959936
2739,1279124810761744391
2740,1279124793799913472
2741,1279124479420051456
2742,1279124439171465216
2743,1279124229083074560
2744,1279124174905040897
2745,1279124114574315520
2746,1279123995770617857
2747,1279122025663983616
2748,1279121260086210567
2749,1279120273917304832
2750,1279117865925386245
2751,1279116308680851456
2752,1279112772677238785
2753,1279109823536279556
2754,1279109774798446594
2755,1279109748458172416
2756,1279109724626092032
2757,1279109595491962880
2758,1279109341916905472
2759,1279106353945067520
2760,1279105839941464065
2761,1279099975566311425
2762,1279095021099274240
2763,1279094453177909248
2764,1279094161795244034
2765,1279094045114019842
2766,1279093639420030977
2767,1279093199412363266
2768,1279091169721413632
2769,1279086600950034435
2770,1279086131548688385
2771,1279074216545931265
2772,1279063313935208449
2773,1279058843113099264
2774,1279058375586664448
2775,1279058176550342657
2776,1279057924011241473
2777,1279046749357838337
2778,1279046506201387008
2779,1279045730477490178
2780,1279017931054002178
2781,1279010830227517440
2782,1279004839977115649
2783,1279004390368653313
2784,1278989798632546306
2785,1278945887188774912
2786,1278922176427671552
2787,1278920611444621312
2788,1278920270670114818
2789,1278913765719883777
2790,1278905507026219008
2791,1278904425650647043
2792,1278903730402848769
2793,1278899777346793472
2794,1278893772697489409
2795,1278893640299900928
2796,1278891312780107776
2797,1278884876486414341
2798,1278881641331597313
2799,1278881624331968513
2800,1278880740374020097
2801,1278880606018056193
2802,1278871296701607936
2803,1278870538249736192
2804,1278869953039351808
2805,1278829701021171718
2806,1278812331179421700
2807,1278786598667247622
2808,1278786523366916096
2809,1278774658137980928
2810,1278772400079998977
2811,1278755322325336068
2812,1278755297797050368
2813,1278751137999523840
2814,1278743002287157250
2815,1278742951473156097
2816,1278742835911680005
2817,1278737943339900933
2818,1278735023882088449
2819,1278727726028017664
2820,1278700799946903552
2821,1278698609081569281
2822,1278672807250079744
2823,1278671885492867072
2824,1278671221668802561
2825,1278664388581482498
2826,1278651125231648769
2827,1278647667690741766
2828,1278629445796954112
2829,1278610026127638528
2830,1278608533991428097
2831,1278607415592665089
2832,1278599365377101825
2833,1278596845673934853
2834,1278547927036686336
2835,1278541706384691201
2836,1278533540930609153
2837,1278533295911792641
2838,1278533120485031936
2839,1278491110159998977
2840,1278485230085693445
2841,1278483255948447744
2842,1278480046789926913
2843,1278478752507445248
2844,1278478285438148608
2845,1278473899920015362
2846,1278435991196520449
2847,1278424410031095809
2848,1278417186315481095
2849,1278409012304850945
2850,1278392085612236801
2851,1278379099862585345
2852,1278368572402814976
2853,1278367956595064832
2854,1278358162278699008
2855,1278356763553730561
2856,1278356106746703873
2857,1278354364944482306
2858,1278353056288178176
2859,1278351294886031361
2860,1278346715439996929
2861,1278345885676638209
2862,1278345593002344449
2863,1278344483621539847
2864,1278344079252873221
2865,1278343531321454593
2866,1278343346034020361
2867,1278341417140715521
2868,1278339483235221505
2869,1278336240375468034
2870,1278321157175902210
2871,1278313537585262594
2872,1278312759470354434
2873,1278312666080182276
2874,1278303073912438784
2875,1278248786750369792
2876,1278233949144219649
2877,1278193428006940672
2878,1278170065519640576
2879,1278154249319448577
2880,1278143675197820928
2881,1278142713607663617
2882,1278139041301626882
